28/03/2025 09:00,Leeds,Armando Farris,"Large Filter coffee - 1.80, Regular Chai latte - 2.30, Regular Hot Chocolate - 1.40, Large Speciality Tea - English breakfast - 1.60, Large Chai latte - 2.60",9.7,CARD,8.32692E+15
28/03/2025 09:01,Leeds,Jessica Graves,"Large Chai latte - 2.60, Large Chai latte - 2.60, Large Chai latte - 2.60",7.8,CARD,5.69498E+15
28/03/2025 09:03,Leeds,Wayne Bonavia,"Regular Iced americano - 2.15, Regular Chai latte - 2.30, Regular Iced americano - 2.15, Large Iced americano - 2.50",9.1,CARD,6.12184E+15
28/03/2025 09:04,Leeds,Michael Davis,Regular Speciality Tea - English breakfast - 1.30,1.3,CARD,4.17597E+15
28/03/2025 09:06,Leeds,Mary Reinschmidt,"Regular Hot Chocolate - 1.40, Regular Chai latte - 2.30, Large Speciality Tea - English breakfast - 1.60",5.3,CARD,8.01671E+15
28/03/2025 09:08,Leeds,Cayla Garrett,"Regular Iced americano - 2.15, Regular Chai latte - 2.30",4.45,CARD,6.02409E+15
28/03/2025 09:09,Leeds,Christine Myers,Large Chai latte - 2.60,2.6,CASH,
28/03/2025 09:11,Leeds,Anthony Nevins,"Large Filter coffee - 1.80, Large Hot Chocolate - 1.70, Large Filter coffee - 1.80, Large Iced americano - 2.50",7.8,CARD,1.75879E+15
28/03/2025 09:12,Leeds,Kathryn Holmes,"Regular Hot Chocolate - 1.40, Regular Hot Chocolate - 1.40, Regular Hot Chocolate - 1.40, Large Filter coffee - 1.80",6,CASH,
28/03/2025 09:14,Leeds,Irene Benson,"Large Hot Chocolate - 1.70, Large Speciality Tea - English breakfast - 1.60, Regular Speciality Tea - English breakfast - 1.30, Regular Chai latte - 2.30",6.9,CARD,1.25348E+15
28/03/2025 09:16,Leeds,Ronald Childress,"Large Speciality Tea - English breakfast - 1.60, Large Hot Chocolate - 1.70, Regular Filter coffee - 1.50, Large Speciality Tea - English breakfast - 1.60",6.4,CARD,3.29571E+15
28/03/2025 09:17,Leeds,Carol Eldridge,"Regular Filter coffee - 1.50, Regular Filter coffee - 1.50, Regular Speciality Tea - English breakfast - 1.30, Regular Speciality Tea - English breakfast - 1.30, Large Filter coffee - 1.80",7.4,CARD,8.03831E+15
28/03/2025 09:19,Leeds,Armando Medina,"Large Speciality Tea - English breakfast - 1.60, Regular Speciality Tea - English breakfast - 1.30, Regular Chai latte - 2.30, Large Speciality Tea - English breakfast - 1.60, Large Speciality Tea - English breakfast - 1.60",8.4,CARD,9.32732E+15
28/03/2025 09:21,Leeds,Julia Shock,"Large Iced americano - 2.50, Large Hot Chocolate - 1.70, Regular Filter coffee - 1.50",5.7,CARD,9.73214E+15
28/03/2025 09:22,Leeds,Wilfred Atkins,Regular Speciality Tea - English breakfast - 1.30,1.3,CASH,
28/03/2025 09:24,Leeds,Duane Gheen,"Regular Filter coffee - 1.50, Large Filter coffee - 1.80, Large Chai latte - 2.60, Regular Filter coffee - 1.50",7.4,CARD,7.51452E+15
28/03/2025 09:25,Leeds,Mary Bushey,"Regular Filter coffee - 1.50, Large Speciality Tea - English breakfast - 1.60, Large Chai latte - 2.60",5.7,CASH,
28/03/2025 09:27,Leeds,Christine Korczynski,"Regular Chai latte - 2.30, Large Filter coffee - 1.80, Large Filter coffee - 1.80, Large Hot Chocolate - 1.70, Regular Filter coffee - 1.50",9.1,CASH,
28/03/2025 09:29,Leeds,Penelope Black,"Regular Iced americano - 2.15, Regular Filter coffee - 1.50, Regular Iced americano - 2.15",5.8,CASH,
28/03/2025 09:30,Leeds,Jasmine Norman,"Regular Chai latte - 2.30, Large Chai latte - 2.60, Regular Chai latte - 2.30",7.2,CARD,7.34294E+15
28/03/2025 09:32,Leeds,Allison Henry,Regular Hot Chocolate - 1.40,1.4,CARD,4.20343E+15
28/03/2025 09:33,Leeds,Gilbert Larkin,"Regular Chai latte - 2.30, Regular Iced americano - 2.15, Large Chai latte - 2.60",7.05,CARD,9.54516E+15
28/03/2025 09:35,Leeds,Raymond Gilliam,"Regular Filter coffee - 1.50, Regular Chai latte - 2.30, Regular Chai latte - 2.30, Regular Chai latte - 2.30",8.4,CARD,9.40591E+15
28/03/2025 09:37,Leeds,Kathy Chacon,"Large Filter coffee - 1.80, Large Iced americano - 2.50, Large Hot Chocolate - 1.70, Large Speciality Tea - English breakfast - 1.60, Regular Filter coffee - 1.50, Large Speciality Tea - English breakfast - 1.60",10.7,CASH,
28/03/2025 09:38,Leeds,Leon Underwood,Regular Filter coffee - 1.50,1.5,CARD,8.48643E+15
28/03/2025 09:40,Leeds,Richard Taylor,"Regular Filter coffee - 1.50, Regular Chai latte - 2.30",3.8,CARD,1.81926E+15
28/03/2025 09:42,Leeds,Etta Muir,"Regular Speciality Tea - English breakfast - 1.30, Regular Hot Chocolate - 1.40, Regular Iced americano - 2.15, Regular Chai latte - 2.30, Regular Chai latte - 2.30",9.45,CASH,
28/03/2025 09:43,Leeds,Steven Adame,"Large Filter coffee - 1.80, Regular Chai latte - 2.30",4.1,CASH,
28/03/2025 09:45,Leeds,Juan Kean,"Large Speciality Tea - English breakfast - 1.60, Regular Hot Chocolate - 1.40, Large Iced americano - 2.50",5.5,CARD,7.04899E+15
28/03/2025 09:46,Leeds,Carlos Weber,"Large Iced americano - 2.50, Large Filter coffee - 1.80, Regular Filter coffee - 1.50, Large Iced americano - 2.50, Regular Iced americano - 2.15, Large Chai latte - 2.60",13.05,CARD,3.5708E+15
28/03/2025 09:48,Leeds,Holly Balde,"Large Filter coffee - 1.80, Regular Filter coffee - 1.50, Regular Hot Chocolate - 1.40, Regular Iced americano - 2.15, Large Hot Chocolate - 1.70",8.55,CARD,5.66552E+15
28/03/2025 09:50,Leeds,Gwendolyn Woodlock,"Regular Speciality Tea - English breakfast - 1.30, Large Chai latte - 2.60",3.9,CARD,2.15187E+15
28/03/2025 09:51,Leeds,Sheila Fredericks,"Regular Chai latte - 2.30, Large Speciality Tea - English breakfast - 1.60",3.9,CARD,8.20532E+15
28/03/2025 09:53,Leeds,William Harper,"Regular Chai latte - 2.30, Regular Filter coffee - 1.50, Regular Filter coffee - 1.50",5.3,CARD,3.10316E+15
28/03/2025 09:54,Leeds,Christopher Licudine,"Large Iced americano - 2.50, Regular Filter coffee - 1.50, Regular Filter coffee - 1.50",5.5,CARD,9.92975E+15
28/03/2025 09:56,Leeds,Steven Jackson,"Large Chai latte - 2.60, Large Chai latte - 2.60, Large Hot Chocolate - 1.70, Regular Iced americano - 2.15",9.05,CASH,
28/03/2025 09:58,Leeds,Malka Craig,"Regular Filter coffee - 1.50, Large Filter coffee - 1.80, Large Filter coffee - 1.80, Large Chai latte - 2.60",7.7,CARD,4.71145E+15
28/03/2025 09:59,Leeds,James Martinez,"Regular Iced americano - 2.15, Regular Chai latte - 2.30, Large Filter coffee - 1.80, Large Filter coffee - 1.80",8.05,CARD,1.96121E+15
28/03/2025 10:01,Leeds,Amy Robel,Regular Iced americano - 2.15,2.15,CASH,
28/03/2025 10:02,Leeds,Brian Lingerfelt,Large Iced americano - 2.50,2.5,CASH,
28/03/2025 10:03,Leeds,Carmen Barbieri,Large Speciality Tea - English breakfast - 1.60,1.6,CARD,3.12035E+15
28/03/2025 10:04,Leeds,Gregory Cesar,"Regular Chai latte - 2.30, Large Filter coffee - 1.80",4.1,CARD,1.48894E+15
28/03/2025 10:05,Leeds,Joe Villarreal,"Large Hot Chocolate - 1.70, Large Filter coffee - 1.80, Regular Speciality Tea - English breakfast - 1.30",4.8,CARD,5.16596E+15
28/03/2025 10:06,Leeds,Tommy Wendelin,Regular Chai latte - 2.30,2.3,CARD,2.93891E+15
28/03/2025 10:07,Leeds,Jacques Parker,"Large Hot Chocolate - 1.70, Large Iced americano - 2.50, Regular Hot Chocolate - 1.40",5.6,CARD,1.012E+15
28/03/2025 10:08,Leeds,Jo Hodges,"Regular Filter coffee - 1.50, Regular Speciality Tea - English breakfast - 1.30",2.8,CARD,7.69791E+15
28/03/2025 10:09,Leeds,Antoinette Foster,Regular Chai latte - 2.30,2.3,CARD,4.77394E+15
28/03/2025 10:11,Leeds,Latasha Taylor,"Large Hot Chocolate - 1.70, Large Filter coffee - 1.80, Regular Chai latte - 2.30",5.8,CASH,
28/03/2025 10:12,Leeds,Eleanor Schauman,"Large Iced americano - 2.50, Regular Iced americano - 2.15, Large Hot Chocolate - 1.70",6.35,CASH,
28/03/2025 10:13,Leeds,Geneva Lopez,"Large Hot Chocolate - 1.70, Regular Chai latte - 2.30, Large Filter coffee - 1.80",5.8,CARD,1.46853E+15
28/03/2025 10:14,Leeds,David Rogillio,"Large Iced americano - 2.50, Large Iced americano - 2.50, Large Hot Chocolate - 1.70",6.7,CASH,
28/03/2025 10:15,Leeds,Terrence Pera,Large Chai latte - 2.60,2.6,CARD,7.72664E+15
28/03/2025 10:16,Leeds,Roy Marcos,"Large Hot Chocolate - 1.70, Large Filter coffee - 1.80, Large Filter coffee - 1.80",5.3,CASH,
28/03/2025 10:17,Leeds,Lawrence Ortmann,"Large Filter coffee - 1.80, Regular Chai latte - 2.30, Regular Hot Chocolate - 1.40, Large Iced americano - 2.50",8,CASH,
28/03/2025 10:18,Leeds,Antonio Lardizabal,"Regular Chai latte - 2.30, Regular Filter coffee - 1.50, Large Hot Chocolate - 1.70, Large Iced americano - 2.50",8,CARD,3.57718E+15
28/03/2025 10:19,Leeds,Erwin Stocks,Large Iced americano - 2.50,2.5,CARD,3.16915E+15
28/03/2025 10:20,Leeds,Michael Mcadoo,"Regular Filter coffee - 1.50, Regular Hot Chocolate - 1.40, Large Iced americano - 2.50, Regular Speciality Tea - English breakfast - 1.30",6.7,CARD,3.7877E+15
28/03/2025 10:21,Leeds,Juanita Berry,"Large Filter coffee - 1.80, Large Filter coffee - 1.80",3.6,CASH,
28/03/2025 10:22,Leeds,Patricia Salyards,"Large Chai latte - 2.60, Regular Iced americano - 2.15, Large Chai latte - 2.60, Regular Chai latte - 2.30, Large Speciality Tea - English breakfast - 1.60",11.25,CASH,
28/03/2025 10:23,Leeds,Albert Brunet,"Large Hot Chocolate - 1.70, Large Speciality Tea - English breakfast - 1.60, Regular Chai latte - 2.30, Large Iced americano - 2.50, Regular Chai latte - 2.30",10.4,CARD,1.08341E+15
28/03/2025 10:24,Leeds,Richard Medeiros,"Large Chai latte - 2.60, Large Chai latte - 2.60",5.2,CASH,
28/03/2025 10:25,Leeds,Christopher Troendle,Large Hot Chocolate - 1.70,1.7,CARD,8.08656E+15
28/03/2025 10:27,Leeds,Mary Martinez,"Regular Filter coffee - 1.50, Regular Hot Chocolate - 1.40, Regular Chai latte - 2.30, Regular Filter coffee - 1.50, Regular Speciality Tea - English breakfast - 1.30, Large Iced americano - 2.50",10.5,CARD,1.41506E+15
28/03/2025 10:28,Leeds,Allison Yost,Large Chai latte - 2.60,2.6,CARD,2.54946E+15
28/03/2025 10:29,Leeds,Michael Cote,"Regular Iced americano - 2.15, Large Iced americano - 2.50, Regular Iced americano - 2.15, Regular Filter coffee - 1.50, Regular Hot Chocolate - 1.40, Large Hot Chocolate - 1.70",11.4,CASH,
28/03/2025 10:30,Leeds,Marion Whitten,"Regular Chai latte - 2.30, Regular Iced americano - 2.15",4.45,CARD,6.66727E+15
28/03/2025 10:31,Leeds,Jeffrey Scott,"Regular Iced americano - 2.15, Large Filter coffee - 1.80, Large Hot Chocolate - 1.70",5.65,CARD,6.09592E+15
28/03/2025 10:32,Leeds,Carol Garcia,"Large Filter coffee - 1.80, Large Chai latte - 2.60, Regular Chai latte - 2.30",6.7,CASH,
28/03/2025 10:33,Leeds,Jennifer Dawson,Regular Filter coffee - 1.50,1.5,CARD,5.26902E+15
28/03/2025 10:34,Leeds,Robert Lang,Regular Chai latte - 2.30,2.3,CARD,3.16408E+15
28/03/2025 10:35,Leeds,Selma Ness,Regular Chai latte - 2.30,2.3,CASH,
28/03/2025 10:36,Leeds,Mary Bolden,"Large Iced americano - 2.50, Regular Speciality Tea - English breakfast - 1.30, Regular Filter coffee - 1.50",5.3,CARD,1.92121E+15
28/03/2025 10:37,Leeds,Bertha Veach,"Large Filter coffee - 1.80, Regular Hot Chocolate - 1.40, Large Speciality Tea - English breakfast - 1.60",4.8,CASH,
28/03/2025 10:38,Leeds,Fernando Rupert,"Regular Filter coffee - 1.50, Regular Filter coffee - 1.50, Regular Chai latte - 2.30, Regular Speciality Tea - English breakfast - 1.30",6.6,CARD,9.26152E+15
28/03/2025 10:39,Leeds,Angela Bailey,"Regular Chai latte - 2.30, Regular Filter coffee - 1.50, Large Iced americano - 2.50, Regular Filter coffee - 1.50, Regular Filter coffee - 1.50, Regular Filter coffee - 1.50",10.8,CARD,7.68501E+15
28/03/2025 10:40,Leeds,Joseph Padmore,Regular Hot Chocolate - 1.40,1.4,CASH,
28/03/2025 10:41,Leeds,Sue Ramsey,Large Chai latte - 2.60,2.6,CARD,3.47543E+15
28/03/2025 10:43,Leeds,Teresa Franciscus,"Large Speciality Tea - English breakfast - 1.60, Large Filter coffee - 1.80, Regular Hot Chocolate - 1.40",4.8,CARD,7.065E+15
28/03/2025 10:44,Leeds,Timothy Fox,"Large Chai latte - 2.60, Large Iced americano - 2.50",5.1,CARD,7.97071E+15
28/03/2025 10:45,Leeds,Samantha Wilson,Regular Iced americano - 2.15,2.15,CASH,
28/03/2025 10:46,Leeds,Joseph Fowlkes,"Regular Iced americano - 2.15, Regular Filter coffee - 1.50",3.65,CASH,
28/03/2025 10:47,Leeds,Floyd Byrd,"Regular Speciality Tea - English breakfast - 1.30, Regular Hot Chocolate - 1.40, Large Chai latte - 2.60",5.3,CARD,6.25487E+15
28/03/2025 10:48,Leeds,Rosie Bowman,"Regular Iced americano - 2.15, Large Filter coffee - 1.80",3.95,CARD,8.48503E+15
28/03/2025 10:49,Leeds,David Veal,"Regular Chai latte - 2.30, Large Filter coffee - 1.80",4.1,CARD,9.43949E+15
28/03/2025 10:50,Leeds,Rebecca Nelson,"Large Chai latte - 2.60, Regular Chai latte - 2.30, Large Filter coffee - 1.80, Large Iced americano - 2.50",9.2,CARD,2.64131E+15
28/03/2025 10:51,Leeds,Tyler Street,Regular Hot Chocolate - 1.40,1.4,CASH,
28/03/2025 10:52,Leeds,Charles Yazzie,"Large Hot Chocolate - 1.70, Regular Chai latte - 2.30, Regular Speciality Tea - English breakfast - 1.30, Regular Speciality Tea - English breakfast - 1.30",6.6,CARD,1.36466E+15
28/03/2025 10:53,Leeds,Frankie Dawkins,"Large Iced americano - 2.50, Large Speciality Tea - English breakfast - 1.60",4.1,CASH,
28/03/2025 10:54,Leeds,Nancy Milliren,Regular Hot Chocolate - 1.40,1.4,CARD,5.9073E+15
28/03/2025 10:55,Leeds,James Reynolds,"Large Chai latte - 2.60, Large Iced americano - 2.50, Regular Filter coffee - 1.50, Large Iced americano - 2.50",9.1,CARD,7.09587E+15
28/03/2025 10:56,Leeds,Mark Barnett,Large Chai latte - 2.60,2.6,CASH,
28/03/2025 10:57,Leeds,Blanche Miller,Large Iced americano - 2.50,2.5,CASH,
28/03/2025 10:59,Leeds,Ferne Dziuk,"Large Filter coffee - 1.80, Regular Speciality Tea - English breakfast - 1.30",3.1,CASH,
28/03/2025 11:00,Leeds,Ruth Mckenzie,Regular Iced americano - 2.15,2.15,CARD,4.46628E+15
28/03/2025 11:04,Leeds,Betty Dean,"Large Chai latte - 2.60, Large Speciality Tea - English breakfast - 1.60, Regular Chai latte - 2.30",6.5,CARD,7.69737E+15
28/03/2025 11:08,Leeds,Grace Sanders,"Large Iced americano - 2.50, Regular Chai latte - 2.30",4.8,CASH,
28/03/2025 11:12,Leeds,Frank Sutherland,"Regular Chai latte - 2.30, Large Chai latte - 2.60, Regular Hot Chocolate - 1.40, Large Iced americano - 2.50",8.8,CARD,6.37227E+15
28/03/2025 11:16,Leeds,Vincent Holifeild,"Regular Speciality Tea - English breakfast - 1.30, Large Speciality Tea - English breakfast - 1.60, Regular Speciality Tea - English breakfast - 1.30, Large Iced americano - 2.50",6.7,CARD,7.90712E+15
28/03/2025 11:20,Leeds,Edna Holton,"Large Hot Chocolate - 1.70, Large Hot Chocolate - 1.70",3.4,CARD,5.74761E+15
28/03/2025 11:24,Leeds,John Howarth,"Regular Hot Chocolate - 1.40, Regular Hot Chocolate - 1.40, Large Chai latte - 2.60",5.4,CARD,1.54125E+15
28/03/2025 11:28,Leeds,Doris Garnett,Large Filter coffee - 1.80,1.8,CARD,7.4863E+15
28/03/2025 11:32,Leeds,Tony Pineda,"Regular Hot Chocolate - 1.40, Regular Chai latte - 2.30, Large Chai latte - 2.60, Large Filter coffee - 1.80",8.1,CARD,7.15684E+15
28/03/2025 11:36,Leeds,Larry Solomon,"Regular Chai latte - 2.30, Regular Filter coffee - 1.50, Large Iced americano - 2.50, Regular Iced americano - 2.15",8.45,CARD,6.05496E+15
28/03/2025 11:40,Leeds,Roberto Yopp,Large Speciality Tea - English breakfast - 1.60,1.6,CARD,1.18644E+15
28/03/2025 11:44,Leeds,Ronald Burgos,"Large Iced americano - 2.50, Regular Iced americano - 2.15",4.65,CARD,4.52289E+15
28/03/2025 11:48,Leeds,Elisabeth Duby,Large Speciality Tea - English breakfast - 1.60,1.6,CARD,8.74434E+15
28/03/2025 11:52,Leeds,Kevin Robinett,"Large Filter coffee - 1.80, Regular Speciality Tea - English breakfast - 1.30, Large Speciality Tea - English breakfast - 1.60",4.7,CARD,1.53542E+15
28/03/2025 11:56,Leeds,Lincoln Dubie,"Regular Chai latte - 2.30, Regular Hot Chocolate - 1.40, Large Filter coffee - 1.80",5.5,CARD,1.62386E+15
28/03/2025 12:00,Leeds,Lisa Marmo,"Regular Speciality Tea - English breakfast - 1.30, Large Speciality Tea - English breakfast - 1.60",2.9,CARD,8.11032E+15
28/03/2025 12:01,Leeds,George Muni,"Regular Iced americano - 2.15, Regular Iced americano - 2.15, Regular Chai latte - 2.30, Regular Chai latte - 2.30, Regular Filter coffee - 1.50",10.4,CARD,1.97226E+15
28/03/2025 12:03,Leeds,Marjorie Rohrer,"Regular Speciality Tea - English breakfast - 1.30, Regular Speciality Tea - English breakfast - 1.30, Large Speciality Tea - English breakfast - 1.60",4.2,CASH,
28/03/2025 12:05,Leeds,Henry Mizell,"Large Iced americano - 2.50, Regular Chai latte - 2.30, Large Chai latte - 2.60",7.4,CARD,9.80877E+15
28/03/2025 12:06,Leeds,Joyce Peterson,"Regular Filter coffee - 1.50, Large Filter coffee - 1.80, Large Speciality Tea - English breakfast - 1.60, Large Speciality Tea - English breakfast - 1.60",6.5,CARD,3.23112E+15
28/03/2025 12:08,Leeds,Lawrence Weyrick,"Regular Chai latte - 2.30, Large Speciality Tea - English breakfast - 1.60",3.9,CASH,
28/03/2025 12:10,Leeds,Kenneth Barnes,"Large Filter coffee - 1.80, Large Filter coffee - 1.80",3.6,CASH,
28/03/2025 12:11,Leeds,Herbert Yancik,"Regular Filter coffee - 1.50, Regular Iced americano - 2.15, Regular Speciality Tea - English breakfast - 1.30, Regular Speciality Tea - English breakfast - 1.30",6.25,CASH,
28/03/2025 12:13,Leeds,Connie Bacich,"Regular Chai latte - 2.30, Large Hot Chocolate - 1.70, Large Hot Chocolate - 1.70, Regular Hot Chocolate - 1.40, Large Hot Chocolate - 1.70, Regular Chai latte - 2.30",11.1,CARD,2.01728E+15
28/03/2025 12:15,Leeds,Henry Hodges,"Regular Chai latte - 2.30, Large Hot Chocolate - 1.70, Large Iced americano - 2.50, Large Chai latte - 2.60, Large Chai latte - 2.60",11.7,CARD,9.57215E+15
28/03/2025 12:16,Leeds,Kathleen Pace,"Large Filter coffee - 1.80, Regular Hot Chocolate - 1.40",3.2,CASH,
28/03/2025 12:18,Leeds,Lorie Williams,"Large Hot Chocolate - 1.70, Large Filter coffee - 1.80, Regular Iced americano - 2.15, Regular Chai latte - 2.30, Large Filter coffee - 1.80, Large Hot Chocolate - 1.70",11.45,CARD,7.721E+15
28/03/2025 12:20,Leeds,Catherine Thompson,"Large Filter coffee - 1.80, Regular Chai latte - 2.30, Large Iced americano - 2.50",6.6,CARD,5.40304E+15
28/03/2025 12:21,Leeds,Mark Smith,"Large Chai latte - 2.60, Regular Filter coffee - 1.50",4.1,CARD,5.63308E+15
28/03/2025 12:23,Leeds,Johnny Mermis,"Large Iced americano - 2.50, Regular Iced americano - 2.15, Regular Iced americano - 2.15, Large Hot Chocolate - 1.70, Regular Iced americano - 2.15",10.65,CARD,3.59105E+15
28/03/2025 12:25,Leeds,Cindy Cepero,"Large Filter coffee - 1.80, Large Chai latte - 2.60, Regular Hot Chocolate - 1.40, Large Hot Chocolate - 1.70, Regular Hot Chocolate - 1.40",8.9,CARD,9.79749E+15
28/03/2025 12:26,Leeds,Stewart Gibby,"Regular Chai latte - 2.30, Regular Chai latte - 2.30, Regular Chai latte - 2.30, Regular Chai latte - 2.30, Large Hot Chocolate - 1.70, Large Chai latte - 2.60",13.5,CASH,
28/03/2025 12:28,Leeds,Mary Mazurek,"Large Speciality Tea - English breakfast - 1.60, Large Chai latte - 2.60, Large Filter coffee - 1.80, Large Chai latte - 2.60",8.6,CARD,6.82183E+15
28/03/2025 12:30,Leeds,Jo Mimbs,"Large Chai latte - 2.60, Regular Speciality Tea - English breakfast - 1.30, Regular Hot Chocolate - 1.40",5.3,CASH,
28/03/2025 12:31,Leeds,Edgar Latouche,"Regular Speciality Tea - English breakfast - 1.30, Large Filter coffee - 1.80",3.1,CARD,4.63948E+15
28/03/2025 12:33,Leeds,Edward Kuhr,"Regular Speciality Tea - English breakfast - 1.30, Large Filter coffee - 1.80, Large Chai latte - 2.60",5.7,CARD,2.98905E+15
28/03/2025 12:35,Leeds,Donald Johnson,"Large Speciality Tea - English breakfast - 1.60, Large Chai latte - 2.60, Regular Speciality Tea - English breakfast - 1.30, Large Hot Chocolate - 1.70, Large Iced americano - 2.50",9.7,CARD,9.2975E+15
28/03/2025 12:36,Leeds,Margarita Beaulieu,"Large Chai latte - 2.60, Regular Speciality Tea - English breakfast - 1.30, Large Filter coffee - 1.80",5.7,CASH,
28/03/2025 12:38,Leeds,Patricia Mares,Regular Iced americano - 2.15,2.15,CARD,6.96993E+15
28/03/2025 12:40,Leeds,Rosemary Lee,Large Speciality Tea - English breakfast - 1.60,1.6,CARD,2.84066E+15
28/03/2025 12:41,Leeds,Chester Brown,Regular Iced americano - 2.15,2.15,CARD,7.60861E+15
28/03/2025 12:43,Leeds,Charles Maze,Regular Speciality Tea - English breakfast - 1.30,1.3,CARD,4.95603E+15
28/03/2025 12:45,Leeds,Dee Miles,Large Chai latte - 2.60,2.6,CASH,
28/03/2025 12:46,Leeds,Irene Basham,"Regular Speciality Tea - English breakfast - 1.30, Large Chai latte - 2.60",3.9,CASH,
28/03/2025 12:48,Leeds,Carmen Welch,"Large Speciality Tea - English breakfast - 1.60, Large Filter coffee - 1.80, Regular Iced americano - 2.15",5.55,CARD,2.9106E+15
28/03/2025 12:50,Leeds,David Greene,"Regular Hot Chocolate - 1.40, Large Speciality Tea - English breakfast - 1.60",3,CASH,
28/03/2025 12:51,Leeds,Donald Fullbright,"Regular Hot Chocolate - 1.40, Regular Filter coffee - 1.50, Large Chai latte - 2.60",5.5,CASH,
28/03/2025 12:53,Leeds,Brent Judon,"Regular Hot Chocolate - 1.40, Large Speciality Tea - English breakfast - 1.60, Regular Hot Chocolate - 1.40, Regular Iced americano - 2.15, Large Speciality Tea - English breakfast - 1.60, Regular Filter coffee - 1.50",9.65,CARD,4.91954E+15
28/03/2025 12:55,Leeds,Wesley Loving,"Regular Speciality Tea - English breakfast - 1.30, Regular Filter coffee - 1.50",2.8,CARD,4.16729E+15
28/03/2025 12:56,Leeds,Charlene Leigh,Large Chai latte - 2.60,2.6,CARD,8.52965E+15
28/03/2025 12:58,Leeds,Kenneth Gibson,"Large Filter coffee - 1.80, Regular Iced americano - 2.15, Regular Chai latte - 2.30, Regular Iced americano - 2.15",8.4,CARD,8.22687E+15
28/03/2025 13:00,Leeds,Stephen Silva,Regular Iced americano - 2.15,2.15,CASH,
28/03/2025 13:00,Leeds,James Willis,"Regular Chai latte - 2.30, Large Hot Chocolate - 1.70, Large Iced americano - 2.50, Regular Speciality Tea - English breakfast - 1.30",7.8,CASH,
28/03/2025 13:01,Leeds,Samuel Mccullin,"Regular Hot Chocolate - 1.40, Regular Iced americano - 2.15, Regular Iced americano - 2.15",5.7,CASH,
28/03/2025 13:02,Leeds,Thomas Rivera,"Large Speciality Tea - English breakfast - 1.60, Regular Iced americano - 2.15, Regular Filter coffee - 1.50",5.25,CARD,1.34081E+15
28/03/2025 13:03,Leeds,Denise Burns,"Regular Iced americano - 2.15, Large Chai latte - 2.60, Large Speciality Tea - English breakfast - 1.60, Regular Chai latte - 2.30, Regular Filter coffee - 1.50",10.15,CARD,6.79559E+15
28/03/2025 13:04,Leeds,Nina Gilmore,"Large Speciality Tea - English breakfast - 1.60, Large Filter coffee - 1.80, Large Filter coffee - 1.80, Regular Filter coffee - 1.50, Regular Speciality Tea - English breakfast - 1.30",8,CARD,5.18796E+15
28/03/2025 13:05,Leeds,Frank Bernacchi,Regular Hot Chocolate - 1.40,1.4,CARD,6.659E+15
28/03/2025 13:05,Leeds,Denise Benham,"Large Filter coffee - 1.80, Large Chai latte - 2.60, Large Speciality Tea - English breakfast - 1.60, Regular Chai latte - 2.30",8.3,CASH,
28/03/2025 13:06,Leeds,Darlene Barnes,Large Hot Chocolate - 1.70,1.7,CASH,
28/03/2025 13:07,Leeds,Rhonda Phillips,Regular Filter coffee - 1.50,1.5,CASH,
28/03/2025 13:08,Leeds,Craig Youtsey,Large Filter coffee - 1.80,1.8,CASH,
28/03/2025 13:09,Leeds,Kathleen Marra,"Regular Chai latte - 2.30, Large Hot Chocolate - 1.70, Regular Hot Chocolate - 1.40, Large Speciality Tea - English breakfast - 1.60, Regular Chai latte - 2.30",9.3,CASH,
28/03/2025 13:10,Leeds,Alice Adams,Large Filter coffee - 1.80,1.8,CASH,
28/03/2025 13:10,Leeds,Donna Alkire,"Regular Filter coffee - 1.50, Regular Filter coffee - 1.50, Large Hot Chocolate - 1.70, Large Speciality Tea - English breakfast - 1.60, Large Hot Chocolate - 1.70",8,CASH,
28/03/2025 13:11,Leeds,Susan Stater,"Large Hot Chocolate - 1.70, Large Speciality Tea - English breakfast - 1.60",3.3,CASH,
28/03/2025 13:12,Leeds,Emmanuel Spates,"Regular Iced americano - 2.15, Large Filter coffee - 1.80, Large Filter coffee - 1.80, Large Hot Chocolate - 1.70",7.45,CARD,6.60665E+15
28/03/2025 13:13,Leeds,Jessica Sutton,"Large Iced americano - 2.50, Large Speciality Tea - English breakfast - 1.60, Regular Iced americano - 2.15, Regular Chai latte - 2.30",8.55,CASH,
28/03/2025 13:14,Leeds,Celesta Beddo,Large Iced americano - 2.50,2.5,CARD,1.42817E+15
28/03/2025 13:15,Leeds,Sharon Joseph,"Regular Hot Chocolate - 1.40, Regular Hot Chocolate - 1.40, Large Filter coffee - 1.80, Large Chai latte - 2.60",7.2,CASH,
28/03/2025 13:15,Leeds,William Brown,"Large Chai latte - 2.60, Large Speciality Tea - English breakfast - 1.60, Large Hot Chocolate - 1.70, Regular Chai latte - 2.30",8.2,CASH,
28/03/2025 13:16,Leeds,Maurine Rodriguez,Regular Speciality Tea - English breakfast - 1.30,1.3,CASH,
28/03/2025 13:17,Leeds,Robert Alexander,"Large Filter coffee - 1.80, Large Iced americano - 2.50",4.3,CARD,6.78621E+15
28/03/2025 13:18,Leeds,Karen Winston,Large Filter coffee - 1.80,1.8,CASH,
28/03/2025 13:19,Leeds,Eleanor Blue,Large Speciality Tea - English breakfast - 1.60,1.6,CARD,9.73748E+15
28/03/2025 13:20,Leeds,Jason Real,"Large Filter coffee - 1.80, Regular Iced americano - 2.15, Large Filter coffee - 1.80, Large Chai latte - 2.60",8.35,CARD,4.9125E+15
28/03/2025 13:20,Leeds,Robert King,"Regular Hot Chocolate - 1.40, Large Chai latte - 2.60, Regular Filter coffee - 1.50",5.5,CASH,
28/03/2025 13:21,Leeds,William Ryan,"Regular Chai latte - 2.30, Regular Iced americano - 2.15",4.45,CASH,
28/03/2025 13:22,Leeds,Brenda Cotton,"Large Filter coffee - 1.80, Large Speciality Tea - English breakfast - 1.60, Large Filter coffee - 1.80",5.2,CASH,
28/03/2025 13:23,Leeds,Jerry Anderson,"Regular Filter coffee - 1.50, Regular Iced americano - 2.15, Large Speciality Tea - English breakfast - 1.60",5.25,CARD,5.37403E+15
28/03/2025 13:24,Leeds,Todd Ceja,Large Iced americano - 2.50,2.5,CARD,5.40975E+15
28/03/2025 13:25,Leeds,Roger Hoang,"Regular Filter coffee - 1.50, Regular Chai latte - 2.30",3.8,CARD,3.1006E+15
28/03/2025 13:25,Leeds,Gladys Jefferies,"Regular Filter coffee - 1.50, Regular Chai latte - 2.30",3.8,CARD,9.70823E+15
28/03/2025 13:26,Leeds,Clarence Hunt,"Large Hot Chocolate - 1.70, Large Chai latte - 2.60",4.3,CASH,
28/03/2025 13:27,Leeds,Carol Milford,Regular Filter coffee - 1.50,1.5,CARD,1.76739E+15
28/03/2025 13:28,Leeds,Claudia Cleveland,"Large Filter coffee - 1.80, Regular Hot Chocolate - 1.40, Large Filter coffee - 1.80, Regular Filter coffee - 1.50, Large Chai latte - 2.60",9.1,CARD,8.88098E+15
28/03/2025 13:29,Leeds,Marian Tesmar,Regular Chai latte - 2.30,2.3,CARD,8.04726E+15
28/03/2025 13:30,Leeds,Debbie Lee,"Large Filter coffee - 1.80, Regular Filter coffee - 1.50, Large Iced americano - 2.50",5.8,CARD,3.5469E+15
28/03/2025 13:30,Leeds,Susan Buttrey,"Regular Filter coffee - 1.50, Regular Filter coffee - 1.50, Large Filter coffee - 1.80",4.8,CARD,3.10375E+15
28/03/2025 13:31,Leeds,Pamela Vincent,Regular Filter coffee - 1.50,1.5,CARD,1.86707E+15
28/03/2025 13:32,Leeds,Rebecca Johnson,Large Chai latte - 2.60,2.6,CARD,5.18764E+15
28/03/2025 13:33,Leeds,Kristen Woods,"Regular Chai latte - 2.30, Regular Speciality Tea - English breakfast - 1.30, Regular Hot Chocolate - 1.40",5,CARD,2.89715E+15
28/03/2025 13:34,Leeds,Regina Everett,"Large Iced americano - 2.50, Large Iced americano - 2.50",5,CARD,5.99543E+15
28/03/2025 13:35,Leeds,Floyd Wilson,Regular Chai latte - 2.30,2.3,CARD,5.1239E+15
28/03/2025 13:35,Leeds,Charlie Taylor,"Regular Speciality Tea - English breakfast - 1.30, Regular Hot Chocolate - 1.40, Regular Speciality Tea - English breakfast - 1.30",4,CARD,3.26431E+15
28/03/2025 13:36,Leeds,Katie Liriano,"Regular Speciality Tea - English breakfast - 1.30, Regular Chai latte - 2.30",3.6,CASH,
28/03/2025 13:37,Leeds,Juan Gulbrandsen,"Large Filter coffee - 1.80, Regular Filter coffee - 1.50, Large Speciality Tea - English breakfast - 1.60",4.9,CARD,4.03118E+15
28/03/2025 13:38,Leeds,Jacqueline Lowe,Large Hot Chocolate - 1.70,1.7,CARD,6.07544E+15
28/03/2025 13:39,Leeds,Daniel Atwood,"Large Hot Chocolate - 1.70, Regular Hot Chocolate - 1.40, Large Filter coffee - 1.80, Large Speciality Tea - English breakfast - 1.60",6.5,CASH,
28/03/2025 13:40,Leeds,Frances Mcfarland,"Regular Filter coffee - 1.50, Regular Filter coffee - 1.50, Regular Chai latte - 2.30",5.3,CASH,
28/03/2025 13:40,Leeds,Horace Munoz,"Regular Iced americano - 2.15, Regular Filter coffee - 1.50, Large Hot Chocolate - 1.70, Regular Speciality Tea - English breakfast - 1.30, Large Chai latte - 2.60",9.25,CARD,1.79726E+15
28/03/2025 13:41,Leeds,Yvonne Hill,Regular Chai latte - 2.30,2.3,CARD,3.83979E+15
28/03/2025 13:42,Leeds,Janet Morris,"Large Iced americano - 2.50, Large Chai latte - 2.60",5.1,CASH,
28/03/2025 13:43,Leeds,Ashley Chavarria,Regular Filter coffee - 1.50,1.5,CARD,7.87125E+15
28/03/2025 13:44,Leeds,Patrick Morris,"Regular Filter coffee - 1.50, Large Speciality Tea - English breakfast - 1.60, Large Iced americano - 2.50, Regular Hot Chocolate - 1.40, Large Chai latte - 2.60",9.6,CARD,1.55053E+15
28/03/2025 13:45,Leeds,Katherine Bennett,"Regular Iced americano - 2.15, Large Filter coffee - 1.80, Regular Filter coffee - 1.50, Large Speciality Tea - English breakfast - 1.60",7.05,CASH,
28/03/2025 13:45,Leeds,Rita Jenkins,"Large Filter coffee - 1.80, Large Hot Chocolate - 1.70, Large Iced americano - 2.50",6,CARD,1.71733E+15
28/03/2025 13:46,Leeds,Ida Powe,"Large Chai latte - 2.60, Regular Iced americano - 2.15, Regular Iced americano - 2.15",6.9,CARD,1.8831E+15
28/03/2025 13:47,Leeds,David Middleton,"Regular Hot Chocolate - 1.40, Regular Filter coffee - 1.50",2.9,CARD,3.14295E+15
28/03/2025 13:48,Leeds,Laurie Saechao,"Large Speciality Tea - English breakfast - 1.60, Regular Filter coffee - 1.50, Large Speciality Tea - English breakfast - 1.60, Regular Chai latte - 2.30",7,CARD,2.52227E+15
28/03/2025 13:49,Leeds,Wanda Tolar,"Regular Speciality Tea - English breakfast - 1.30, Regular Filter coffee - 1.50, Regular Chai latte - 2.30",5.1,CASH,
28/03/2025 13:50,Leeds,Marion Tanner,"Regular Speciality Tea - English breakfast - 1.30, Large Chai latte - 2.60",3.9,CASH,
28/03/2025 13:50,Leeds,James Cochran,"Large Iced americano - 2.50, Regular Hot Chocolate - 1.40, Large Iced americano - 2.50",6.4,CARD,4.87701E+15
28/03/2025 13:51,Leeds,Joanne Pelletier,"Large Chai latte - 2.60, Regular Filter coffee - 1.50, Large Filter coffee - 1.80, Large Filter coffee - 1.80, Large Chai latte - 2.60",10.3,CARD,4.64654E+15
28/03/2025 13:52,Leeds,Nancy Viejo,"Large Chai latte - 2.60, Large Iced americano - 2.50",5.1,CASH,
28/03/2025 13:53,Leeds,Helen Byrd,"Regular Chai latte - 2.30, Large Chai latte - 2.60",4.9,CASH,
28/03/2025 13:54,Leeds,Allen Ousley,"Regular Iced americano - 2.15, Regular Chai latte - 2.30, Large Speciality Tea - English breakfast - 1.60, Regular Filter coffee - 1.50, Large Filter coffee - 1.80",9.35,CARD,5.53293E+15
28/03/2025 13:55,Leeds,Ronald Malton,Large Chai latte - 2.60,2.6,CARD,1.00171E+15
28/03/2025 13:55,Leeds,Chelsey Davis,Regular Filter coffee - 1.50,1.5,CARD,4.55447E+15
28/03/2025 13:56,Leeds,Mike Holeman,"Large Filter coffee - 1.80, Large Hot Chocolate - 1.70",3.5,CASH,
28/03/2025 13:57,Leeds,Pamela Presnall,"Large Speciality Tea - English breakfast - 1.60, Regular Speciality Tea - English breakfast - 1.30, Large Speciality Tea - English breakfast - 1.60, Large Iced americano - 2.50",7,CASH,
28/03/2025 13:58,Leeds,David Tinsley,"Regular Filter coffee - 1.50, Large Filter coffee - 1.80",3.3,CASH,
28/03/2025 13:59,Leeds,Sheri Loveman,Regular Iced americano - 2.15,2.15,CARD,1.52249E+15
28/03/2025 14:00,Leeds,Courtney Campbell,"Regular Chai latte - 2.30, Large Filter coffee - 1.80, Regular Speciality Tea - English breakfast - 1.30",5.4,CARD,3.70873E+15
28/03/2025 14:01,Leeds,Mary Walter,"Large Speciality Tea - English breakfast - 1.60, Regular Hot Chocolate - 1.40, Large Hot Chocolate - 1.70",4.7,CASH,
28/03/2025 14:02,Leeds,Patrick Dishman,"Regular Chai latte - 2.30, Regular Hot Chocolate - 1.40, Regular Iced americano - 2.15, Regular Chai latte - 2.30, Large Iced americano - 2.50",10.65,CARD,7.06292E+15
28/03/2025 14:02,Leeds,John Boyer,"Large Hot Chocolate - 1.70, Large Hot Chocolate - 1.70",3.4,CARD,2.03589E+15
28/03/2025 14:03,Leeds,Mary Cote,"Large Hot Chocolate - 1.70, Large Filter coffee - 1.80, Regular Filter coffee - 1.50, Regular Filter coffee - 1.50, Large Hot Chocolate - 1.70",8.2,CASH,
28/03/2025 14:04,Leeds,Sandra Frank,Regular Speciality Tea - English breakfast - 1.30,1.3,CARD,1.0607E+15
28/03/2025 14:05,Leeds,Napoleon Mau,"Regular Chai latte - 2.30, Regular Speciality Tea - English breakfast - 1.30",3.6,CASH,
28/03/2025 14:06,Leeds,Sharlene Brooks,Regular Chai latte - 2.30,2.3,CARD,4.4494E+15
28/03/2025 14:07,Leeds,Abigail Artis,"Regular Chai latte - 2.30, Regular Chai latte - 2.30, Large Hot Chocolate - 1.70",6.3,CARD,2.05419E+15
28/03/2025 14:08,Leeds,Tracey Wilson,Regular Chai latte - 2.30,2.3,CASH,
28/03/2025 14:09,Leeds,Laura Green,"Regular Chai latte - 2.30, Regular Filter coffee - 1.50, Regular Filter coffee - 1.50, Regular Speciality Tea - English breakfast - 1.30, Regular Speciality Tea - English breakfast - 1.30, Large Filter coffee - 1.80",9.7,CARD,4.97454E+15
28/03/2025 14:10,Leeds,Richard Velasquez,"Regular Hot Chocolate - 1.40, Regular Hot Chocolate - 1.40, Large Chai latte - 2.60, Regular Speciality Tea - English breakfast - 1.30",6.7,CARD,3.13624E+15
28/03/2025 14:11,Leeds,Ted Griffith,"Regular Filter coffee - 1.50, Regular Chai latte - 2.30, Regular Chai latte - 2.30",6.1,CASH,
28/03/2025 14:12,Leeds,Rose Ratliff,"Large Filter coffee - 1.80, Regular Chai latte - 2.30",4.1,CARD,7.40446E+15
28/03/2025 14:13,Leeds,John Johnson,Regular Filter coffee - 1.50,1.5,CARD,2.78968E+15
28/03/2025 14:14,Leeds,Kenneth Clausen,"Large Filter coffee - 1.80, Large Filter coffee - 1.80, Large Iced americano - 2.50",6.1,CARD,5.34532E+15
28/03/2025 14:15,Leeds,Rodney Gates,"Large Speciality Tea - English breakfast - 1.60, Large Speciality Tea - English breakfast - 1.60, Regular Hot Chocolate - 1.40, Large Chai latte - 2.60",7.2,CARD,1.99439E+15
28/03/2025 14:16,Leeds,Roberto Castro,"Large Iced americano - 2.50, Regular Filter coffee - 1.50",4,CASH,
28/03/2025 14:17,Leeds,Craig Hammond,"Regular Filter coffee - 1.50, Large Hot Chocolate - 1.70, Large Chai latte - 2.60",5.8,CASH,
28/03/2025 14:18,Leeds,Alexandria Jones,"Regular Speciality Tea - English breakfast - 1.30, Regular Filter coffee - 1.50, Regular Hot Chocolate - 1.40, Regular Chai latte - 2.30, Large Filter coffee - 1.80",8.3,CARD,5.10577E+15
28/03/2025 14:19,Leeds,Mary Baldwin,"Regular Filter coffee - 1.50, Large Chai latte - 2.60, Large Filter coffee - 1.80, Large Speciality Tea - English breakfast - 1.60",7.5,CARD,8.32555E+15
28/03/2025 14:20,Leeds,Joshua Stclair,"Large Filter coffee - 1.80, Regular Filter coffee - 1.50, Large Hot Chocolate - 1.70, Large Hot Chocolate - 1.70",6.7,CASH,
28/03/2025 14:21,Leeds,Mildred Kaiser,"Large Chai latte - 2.60, Regular Iced americano - 2.15, Regular Filter coffee - 1.50",6.25,CASH,
28/03/2025 14:21,Leeds,Ronald Engle,"Large Filter coffee - 1.80, Large Speciality Tea - English breakfast - 1.60, Regular Chai latte - 2.30, Regular Speciality Tea - English breakfast - 1.30, Large Filter coffee - 1.80",8.8,CASH,
28/03/2025 14:22,Leeds,Daniel Riggs,Regular Chai latte - 2.30,2.3,CARD,6.11604E+15
28/03/2025 14:23,Leeds,Deborah Allen,"Large Speciality Tea - English breakfast - 1.60, Regular Speciality Tea - English breakfast - 1.30, Large Hot Chocolate - 1.70",4.6,CARD,8.71994E+15
28/03/2025 14:24,Leeds,Mark Rocha,"Regular Chai latte - 2.30, Large Filter coffee - 1.80, Regular Speciality Tea - English breakfast - 1.30, Regular Speciality Tea - English breakfast - 1.30",6.7,CARD,1.5255E+15
28/03/2025 14:25,Leeds,Pam Craven,"Regular Filter coffee - 1.50, Regular Chai latte - 2.30",3.8,CARD,6.81132E+15
28/03/2025 14:26,Leeds,James Estrada,"Large Filter coffee - 1.80, Large Filter coffee - 1.80",3.6,CARD,5.80423E+15
28/03/2025 14:27,Leeds,Michael Morren,"Large Speciality Tea - English breakfast - 1.60, Regular Iced americano - 2.15",3.75,CARD,7.64852E+15
28/03/2025 14:28,Leeds,Augustine Merritt,"Regular Filter coffee - 1.50, Large Chai latte - 2.60, Large Chai latte - 2.60",6.7,CARD,8.83032E+15
28/03/2025 14:29,Leeds,Reta Billups,Regular Chai latte - 2.30,2.3,CARD,4.24295E+15
28/03/2025 14:30,Leeds,Joel Welter,Regular Speciality Tea - English breakfast - 1.30,1.3,CARD,1.94548E+15
28/03/2025 14:31,Leeds,Sharon Anderson,Large Chai latte - 2.60,2.6,CARD,9.13273E+15
28/03/2025 14:32,Leeds,Enrique Melton,"Regular Filter coffee - 1.50, Regular Iced americano - 2.15, Large Chai latte - 2.60",6.25,CARD,6.80969E+15
28/03/2025 14:33,Leeds,Laura Holt,"Regular Iced americano - 2.15, Large Hot Chocolate - 1.70, Large Hot Chocolate - 1.70, Large Hot Chocolate - 1.70, Large Chai latte - 2.60",9.85,CARD,3.3416E+15
28/03/2025 14:34,Leeds,Dallas Galloway,"Large Hot Chocolate - 1.70, Large Filter coffee - 1.80, Large Hot Chocolate - 1.70, Large Chai latte - 2.60, Regular Speciality Tea - English breakfast - 1.30",9.1,CASH,
28/03/2025 14:35,Leeds,Pamela Tibbles,"Regular Filter coffee - 1.50, Large Hot Chocolate - 1.70, Regular Filter coffee - 1.50, Regular Filter coffee - 1.50",6.2,CASH,
28/03/2025 14:36,Leeds,Robert Dodge,Regular Iced americano - 2.15,2.15,CASH,
28/03/2025 14:37,Leeds,Kimberly Kahn,"Regular Speciality Tea - English breakfast - 1.30, Large Chai latte - 2.60",3.9,CASH,
28/03/2025 14:38,Leeds,Catherine Hernandez,"Large Iced americano - 2.50, Large Hot Chocolate - 1.70, Regular Filter coffee - 1.50, Regular Filter coffee - 1.50",7.2,CASH,
28/03/2025 14:39,Leeds,Kristi Rojas,Large Iced americano - 2.50,2.5,CASH,
28/03/2025 14:40,Leeds,Timothy Belisle,"Large Chai latte - 2.60, Large Hot Chocolate - 1.70",4.3,CARD,6.93226E+15
28/03/2025 14:40,Leeds,Roger May,Regular Filter coffee - 1.50,1.5,CASH,
28/03/2025 14:41,Leeds,Sarah Schuller,"Regular Speciality Tea - English breakfast - 1.30, Large Filter coffee - 1.80, Large Filter coffee - 1.80",4.9,CASH,
28/03/2025 14:42,Leeds,Robert Cordova,Regular Chai latte - 2.30,2.3,CARD,3.80331E+15
28/03/2025 14:43,Leeds,Arnulfo Risch,"Large Iced americano - 2.50, Large Filter coffee - 1.80, Large Iced americano - 2.50",6.8,CARD,9.76044E+15
28/03/2025 14:44,Leeds,Justine Reynolds,Regular Chai latte - 2.30,2.3,CARD,5.25861E+15
28/03/2025 14:45,Leeds,James Webb,"Large Iced americano - 2.50, Large Iced americano - 2.50, Regular Chai latte - 2.30, Large Speciality Tea - English breakfast - 1.60, Large Chai latte - 2.60",11.5,CARD,9.25435E+15
28/03/2025 14:46,Leeds,Roland Smith,"Large Speciality Tea - English breakfast - 1.60, Large Hot Chocolate - 1.70, Regular Chai latte - 2.30, Large Hot Chocolate - 1.70",7.3,CARD,4.56314E+15
28/03/2025 14:47,Leeds,Maya Woodyard,Regular Filter coffee - 1.50,1.5,CARD,5.58731E+15
28/03/2025 14:48,Leeds,Jamie Roth,"Large Filter coffee - 1.80, Regular Iced americano - 2.15",3.95,CARD,2.72357E+15
28/03/2025 14:49,Leeds,Bill Houghtaling,Large Speciality Tea - English breakfast - 1.60,1.6,CARD,5.13648E+15
28/03/2025 14:50,Leeds,Sheryl Rotenberry,"Large Iced americano - 2.50, Regular Hot Chocolate - 1.40",3.9,CARD,4.75293E+15
28/03/2025 14:51,Leeds,Samuel Mcginnis,"Large Chai latte - 2.60, Large Chai latte - 2.60",5.2,CARD,5.38063E+15
28/03/2025 14:52,Leeds,Ramon Silva,"Large Iced americano - 2.50, Large Chai latte - 2.60, Regular Speciality Tea - English breakfast - 1.30, Regular Filter coffee - 1.50",7.9,CARD,6.71966E+15
28/03/2025 14:53,Leeds,Glen Chandler,"Regular Chai latte - 2.30, Regular Hot Chocolate - 1.40, Regular Chai latte - 2.30, Regular Iced americano - 2.15, Regular Iced americano - 2.15",10.3,CARD,3.15358E+15
28/03/2025 14:54,Leeds,James Mendez,"Regular Filter coffee - 1.50, Large Filter coffee - 1.80",3.3,CASH,
28/03/2025 14:55,Leeds,Scott Smithers,"Regular Hot Chocolate - 1.40, Large Speciality Tea - English breakfast - 1.60",3,CASH,
28/03/2025 14:56,Leeds,Bradley Miners,"Regular Speciality Tea - English breakfast - 1.30, Large Hot Chocolate - 1.70, Large Speciality Tea - English breakfast - 1.60, Large Chai latte - 2.60",7.2,CARD,3.429E+15
28/03/2025 14:57,Leeds,Ramiro Sutton,"Regular Chai latte - 2.30, Regular Filter coffee - 1.50",3.8,CARD,3.36023E+15
28/03/2025 14:58,Leeds,Sheila Green,Large Hot Chocolate - 1.70,1.7,CARD,6.30875E+15
28/03/2025 14:59,Leeds,Glenda Goodwin,"Large Chai latte - 2.60, Regular Speciality Tea - English breakfast - 1.30",3.9,CARD,9.58766E+15
28/03/2025 14:59,Leeds,Timothy Pease,"Regular Filter coffee - 1.50, Large Iced americano - 2.50, Regular Speciality Tea - English breakfast - 1.30, Regular Filter coffee - 1.50, Large Hot Chocolate - 1.70",8.5,CARD,8.81951E+15
28/03/2025 15:00,Leeds,Jerome Wright,"Regular Speciality Tea - English breakfast - 1.30, Large Iced americano - 2.50, Large Iced americano - 2.50, Large Chai latte - 2.60, Regular Iced americano - 2.15",11.05,CARD,7.03433E+15
28/03/2025 15:01,Leeds,Tammie Hubbard,"Large Hot Chocolate - 1.70, Regular Speciality Tea - English breakfast - 1.30",3,CASH,
28/03/2025 15:02,Leeds,Ryan Csaszar,"Large Speciality Tea - English breakfast - 1.60, Regular Iced americano - 2.15",3.75,CASH,
28/03/2025 15:03,Leeds,Donna Hall,"Large Chai latte - 2.60, Regular Filter coffee - 1.50, Regular Iced americano - 2.15",6.25,CASH,
28/03/2025 15:04,Leeds,Olga Wallis,"Regular Chai latte - 2.30, Large Filter coffee - 1.80, Regular Hot Chocolate - 1.40, Large Filter coffee - 1.80, Large Speciality Tea - English breakfast - 1.60",8.9,CARD,4.90015E+15
28/03/2025 15:05,Leeds,Dawn Decker,"Large Chai latte - 2.60, Regular Filter coffee - 1.50, Regular Filter coffee - 1.50, Large Hot Chocolate - 1.70",7.3,CASH,
28/03/2025 15:06,Leeds,Richard Cudney,"Large Iced americano - 2.50, Large Filter coffee - 1.80, Large Filter coffee - 1.80, Large Chai latte - 2.60, Large Chai latte - 2.60, Large Hot Chocolate - 1.70",13,CARD,5.15008E+15
28/03/2025 15:07,Leeds,Ernest Brush,"Large Filter coffee - 1.80, Large Chai latte - 2.60, Regular Chai latte - 2.30",6.7,CARD,8.85568E+15
28/03/2025 15:07,Leeds,Mary Vian,Regular Hot Chocolate - 1.40,1.4,CARD,1.82218E+15
28/03/2025 15:08,Leeds,Jean Elston,"Large Hot Chocolate - 1.70, Large Chai latte - 2.60, Large Filter coffee - 1.80",6.1,CASH,
28/03/2025 15:09,Leeds,Laura Coffey,Large Filter coffee - 1.80,1.8,CARD,3.38978E+15
28/03/2025 15:10,Leeds,Edward Tuohy,Regular Filter coffee - 1.50,1.5,CASH,
28/03/2025 15:11,Leeds,Brenda Albanese,Regular Iced americano - 2.15,2.15,CARD,8.99131E+15
28/03/2025 15:12,Leeds,Susan Liotta,"Large Iced americano - 2.50, Regular Filter coffee - 1.50, Large Filter coffee - 1.80",5.8,CASH,
28/03/2025 15:13,Leeds,Mireya Whitford,"Regular Chai latte - 2.30, Large Speciality Tea - English breakfast - 1.60, Regular Speciality Tea - English breakfast - 1.30, Large Speciality Tea - English breakfast - 1.60",6.8,CARD,2.2333E+15
28/03/2025 15:14,Leeds,Robert Middleton,"Large Hot Chocolate - 1.70, Large Speciality Tea - English breakfast - 1.60, Large Chai latte - 2.60, Large Iced americano - 2.50",8.4,CARD,6.65059E+15
28/03/2025 15:14,Leeds,James Horton,"Regular Speciality Tea - English breakfast - 1.30, Regular Hot Chocolate - 1.40",2.7,CARD,1.36138E+15
28/03/2025 15:15,Leeds,Juanita Dotson,"Regular Speciality Tea - English breakfast - 1.30, Large Speciality Tea - English breakfast - 1.60, Large Iced americano - 2.50, Regular Speciality Tea - English breakfast - 1.30",6.7,CARD,6.40195E+15
28/03/2025 15:16,Leeds,Erika Kitanik,"Large Iced americano - 2.50, Large Speciality Tea - English breakfast - 1.60",4.1,CARD,7.29866E+15
28/03/2025 15:17,Leeds,Vera Anton,"Regular Iced americano - 2.15, Regular Hot Chocolate - 1.40",3.55,CASH,
28/03/2025 15:18,Leeds,Linda Jordan,"Large Chai latte - 2.60, Large Hot Chocolate - 1.70, Regular Filter coffee - 1.50",5.8,CARD,4.58826E+15
28/03/2025 15:19,Leeds,Hector Wood,"Large Filter coffee - 1.80, Regular Iced americano - 2.15, Regular Iced americano - 2.15, Large Filter coffee - 1.80, Large Iced americano - 2.50",10.4,CARD,6.85268E+15
28/03/2025 15:20,Leeds,Timothy Mulvey,"Large Filter coffee - 1.80, Large Chai latte - 2.60, Large Speciality Tea - English breakfast - 1.60",6,CARD,4.26237E+15
28/03/2025 15:21,Leeds,Sandra Perez,"Regular Chai latte - 2.30, Regular Chai latte - 2.30, Regular Filter coffee - 1.50, Regular Speciality Tea - English breakfast - 1.30, Regular Filter coffee - 1.50, Large Filter coffee - 1.80",10.7,CARD,8.58453E+15
28/03/2025 15:22,Leeds,Kimberly Grieb,"Regular Hot Chocolate - 1.40, Regular Iced americano - 2.15, Regular Iced americano - 2.15, Large Chai latte - 2.60",8.3,CARD,2.59826E+15
28/03/2025 15:22,Leeds,Martha Armstrong,"Large Speciality Tea - English breakfast - 1.60, Regular Speciality Tea - English breakfast - 1.30",2.9,CARD,8.00603E+15
28/03/2025 15:23,Leeds,Jack Robles,"Regular Filter coffee - 1.50, Large Chai latte - 2.60, Regular Filter coffee - 1.50",5.6,CARD,9.52177E+15
28/03/2025 15:24,Leeds,Eddie Cash,Regular Chai latte - 2.30,2.3,CASH,
28/03/2025 15:25,Leeds,Shirley Reed,"Large Filter coffee - 1.80, Large Speciality Tea - English breakfast - 1.60, Regular Hot Chocolate - 1.40",4.8,CARD,7.59812E+15
28/03/2025 15:26,Leeds,Michael Christopher,"Regular Filter coffee - 1.50, Large Chai latte - 2.60, Large Hot Chocolate - 1.70, Large Filter coffee - 1.80, Large Iced americano - 2.50, Large Filter coffee - 1.80",11.9,CASH,
28/03/2025 15:27,Leeds,Steven Harris,Regular Iced americano - 2.15,2.15,CARD,2.24073E+15
28/03/2025 15:28,Leeds,Marjorie Garcia,"Large Filter coffee - 1.80, Large Filter coffee - 1.80",3.6,CARD,6.13739E+15
28/03/2025 15:29,Leeds,Bruce Murray,"Regular Speciality Tea - English breakfast - 1.30, Regular Filter coffee - 1.50, Large Filter coffee - 1.80, Regular Filter coffee - 1.50",6.1,CARD,3.75811E+15
28/03/2025 15:29,Leeds,Cynthia Franco,Large Chai latte - 2.60,2.6,CARD,2.37147E+15
28/03/2025 15:30,Leeds,Thelma Jones,"Large Iced americano - 2.50, Large Speciality Tea - English breakfast - 1.60",4.1,CARD,5.8091E+15
28/03/2025 15:31,Leeds,Deborah Behanna,Regular Filter coffee - 1.50,1.5,CASH,
28/03/2025 15:32,Leeds,Lisa Payton,Regular Chai latte - 2.30,2.3,CARD,4.98688E+15
28/03/2025 15:33,Leeds,Janelle Carr,"Large Filter coffee - 1.80, Regular Filter coffee - 1.50, Regular Iced americano - 2.15, Large Chai latte - 2.60, Large Hot Chocolate - 1.70, Large Iced americano - 2.50",12.25,CARD,9.71095E+15
28/03/2025 15:34,Leeds,Cruz Reyna,"Regular Iced americano - 2.15, Regular Iced americano - 2.15, Regular Speciality Tea - English breakfast - 1.30",5.6,CARD,3.08997E+15
28/03/2025 15:35,Leeds,James Victor,"Large Iced americano - 2.50, Regular Hot Chocolate - 1.40, Regular Chai latte - 2.30, Large Filter coffee - 1.80",8,CARD,2.17788E+15
28/03/2025 15:36,Leeds,Isaac Pesqueira,Large Iced americano - 2.50,2.5,CARD,6.99791E+15
28/03/2025 15:36,Leeds,William Richardson,"Regular Speciality Tea - English breakfast - 1.30, Regular Chai latte - 2.30",3.6,CASH,
28/03/2025 15:37,Leeds,Corey Schultz,Regular Speciality Tea - English breakfast - 1.30,1.3,CASH,
28/03/2025 15:38,Leeds,Louis Tooks,"Large Chai latte - 2.60, Regular Filter coffee - 1.50, Large Speciality Tea - English breakfast - 1.60",5.7,CARD,3.82256E+15
28/03/2025 15:39,Leeds,Dave Stull,"Regular Speciality Tea - English breakfast - 1.30, Regular Speciality Tea - English breakfast - 1.30, Regular Filter coffee - 1.50",4.1,CASH,
28/03/2025 15:40,Leeds,Charles Cruz,"Regular Speciality Tea - English breakfast - 1.30, Regular Filter coffee - 1.50",2.8,CARD,4.30605E+15
28/03/2025 15:41,Leeds,Marc Huckins,Regular Chai latte - 2.30,2.3,CARD,4.16729E+15
28/03/2025 15:42,Leeds,Scott Kittler,Large Filter coffee - 1.80,1.8,CASH,
28/03/2025 15:43,Leeds,Jacob Kirkpatrick,"Large Chai latte - 2.60, Large Chai latte - 2.60",5.2,CARD,4.62923E+15
28/03/2025 15:43,Leeds,Carlos Pharis,Large Chai latte - 2.60,2.6,CARD,6.16948E+15
28/03/2025 15:44,Leeds,Joey Narine,"Large Chai latte - 2.60, Large Iced americano - 2.50",5.1,CARD,3.75091E+15
28/03/2025 15:45,Leeds,Earl Hall,"Large Iced americano - 2.50, Large Filter coffee - 1.80",4.3,CARD,4.76105E+15
28/03/2025 15:46,Leeds,Lester Graham,"Regular Speciality Tea - English breakfast - 1.30, Regular Hot Chocolate - 1.40",2.7,CARD,1.40739E+15
28/03/2025 15:47,Leeds,Patrick Allen,"Large Hot Chocolate - 1.70, Regular Hot Chocolate - 1.40, Large Hot Chocolate - 1.70, Large Hot Chocolate - 1.70, Regular Speciality Tea - English breakfast - 1.30",7.8,CARD,3.2445E+15
28/03/2025 15:48,Leeds,Nancy Sheehan,Regular Filter coffee - 1.50,1.5,CARD,9.09862E+15
28/03/2025 15:49,Leeds,Samantha Morris,"Regular Iced americano - 2.15, Large Filter coffee - 1.80, Large Chai latte - 2.60, Large Iced americano - 2.50",9.05,CARD,8.72902E+15
28/03/2025 15:50,Leeds,Martha Walsh,Large Filter coffee - 1.80,1.8,CASH,
28/03/2025 15:51,Leeds,Lewis Campos,"Regular Hot Chocolate - 1.40, Large Hot Chocolate - 1.70",3.1,CASH,
28/03/2025 15:51,Leeds,Heather Klein,"Large Iced americano - 2.50, Large Chai latte - 2.60",5.1,CARD,6.15502E+15
28/03/2025 15:52,Leeds,Sarah Ellis,"Regular Filter coffee - 1.50, Large Speciality Tea - English breakfast - 1.60",3.1,CARD,3.43395E+15
28/03/2025 15:53,Leeds,Chante Hamilton,"Large Speciality Tea - English breakfast - 1.60, Regular Speciality Tea - English breakfast - 1.30, Regular Chai latte - 2.30, Large Iced americano - 2.50, Regular Hot Chocolate - 1.40",9.1,CARD,1.99985E+15
28/03/2025 15:54,Leeds,Sally Garcia,"Large Hot Chocolate - 1.70, Regular Speciality Tea - English breakfast - 1.30, Regular Filter coffee - 1.50, Regular Chai latte - 2.30",6.8,CASH,
28/03/2025 15:55,Leeds,Norris Sigala,Large Iced americano - 2.50,2.5,CARD,4.20646E+15
28/03/2025 15:56,Leeds,Natasha Rosiles,"Large Iced americano - 2.50, Regular Hot Chocolate - 1.40",3.9,CASH,
28/03/2025 15:57,Leeds,Henry Sellers,"Large Chai latte - 2.60, Regular Filter coffee - 1.50, Large Filter coffee - 1.80, Regular Iced americano - 2.15, Large Filter coffee - 1.80",9.85,CARD,6.11791E+15
28/03/2025 15:58,Leeds,Donovan Shanholtz,"Large Iced americano - 2.50, Large Iced americano - 2.50, Regular Hot Chocolate - 1.40",6.4,CASH,
28/03/2025 15:58,Leeds,Adrienne Mullenix,"Large Filter coffee - 1.80, Regular Chai latte - 2.30, Large Filter coffee - 1.80, Large Hot Chocolate - 1.70",7.6,CARD,9.44335E+15
28/03/2025 15:59,Leeds,William Pope,Regular Speciality Tea - English breakfast - 1.30,1.3,CARD,7.38052E+15
28/03/2025 16:00,Leeds,Vanessa Bell,"Regular Chai latte - 2.30, Regular Hot Chocolate - 1.40",3.7,CARD,5.65667E+15
28/03/2025 16:02,Leeds,Lois Springer,"Regular Chai latte - 2.30, Large Hot Chocolate - 1.70, Large Speciality Tea - English breakfast - 1.60, Regular Chai latte - 2.30",7.9,CARD,7.37086E+15
28/03/2025 16:04,Leeds,Sheila Hardy,"Regular Speciality Tea - English breakfast - 1.30, Large Iced americano - 2.50, Regular Chai latte - 2.30",6.1,CARD,2.58742E+15
28/03/2025 16:05,Leeds,Thomas Lewis,Regular Chai latte - 2.30,2.3,CARD,9.15262E+15
28/03/2025 16:07,Leeds,Manuel Moore,"Large Iced americano - 2.50, Regular Filter coffee - 1.50",4,CARD,3.37459E+15
28/03/2025 16:09,Leeds,Louise Yates,"Regular Filter coffee - 1.50, Large Iced americano - 2.50",4,CARD,8.7758E+15
28/03/2025 16:11,Leeds,Shannon Hyatt,"Regular Iced americano - 2.15, Large Speciality Tea - English breakfast - 1.60, Regular Chai latte - 2.30",6.05,CASH,
28/03/2025 16:12,Leeds,Josephina Sotelo,Large Speciality Tea - English breakfast - 1.60,1.6,CARD,4.3966E+15
28/03/2025 16:14,Leeds,Isaura Kenney,"Regular Filter coffee - 1.50, Regular Filter coffee - 1.50, Large Chai latte - 2.60, Regular Chai latte - 2.30",7.9,CARD,7.98086E+15
28/03/2025 16:16,Leeds,Elizebeth Murdock,Large Iced americano - 2.50,2.5,CASH,
28/03/2025 16:18,Leeds,Guy Mccormick,Large Hot Chocolate - 1.70,1.7,CARD,6.67717E+15
28/03/2025 16:19,Leeds,Candace Dickerson,"Regular Filter coffee - 1.50, Large Chai latte - 2.60, Large Filter coffee - 1.80, Large Filter coffee - 1.80, Large Filter coffee - 1.80",9.5,CARD,5.72014E+15
28/03/2025 16:21,Leeds,Pauline Gregoire,"Regular Filter coffee - 1.50, Large Chai latte - 2.60",4.1,CARD,9.73439E+15
28/03/2025 16:23,Leeds,Zachary Willis,Regular Chai latte - 2.30,2.3,CASH,
28/03/2025 16:25,Leeds,Brandie Cahill,"Large Filter coffee - 1.80, Large Chai latte - 2.60, Regular Chai latte - 2.30, Large Chai latte - 2.60",9.3,CARD,1.80857E+15
28/03/2025 16:27,Leeds,Samuel Jenkins,"Regular Filter coffee - 1.50, Large Hot Chocolate - 1.70",3.2,CARD,3.4189E+15
28/03/2025 16:28,Leeds,Barbara Herrera,"Large Hot Chocolate - 1.70, Large Chai latte - 2.60, Regular Chai latte - 2.30",6.6,CARD,8.37066E+15
28/03/2025 16:30,Leeds,Louise Cobar,Regular Chai latte - 2.30,2.3,CARD,4.46654E+15
28/03/2025 16:32,Leeds,Ryan Hawkins,"Large Filter coffee - 1.80, Regular Iced americano - 2.15, Large Chai latte - 2.60, Regular Speciality Tea - English breakfast - 1.30, Regular Filter coffee - 1.50",9.35,CARD,3.24613E+15
28/03/2025 16:34,Leeds,Joshua Barrera,Large Hot Chocolate - 1.70,1.7,CASH,
28/03/2025 16:35,Leeds,Neil Brown,"Regular Chai latte - 2.30, Regular Chai latte - 2.30, Regular Hot Chocolate - 1.40, Large Iced americano - 2.50",8.5,CARD,2.40729E+15
28/03/2025 16:37,Leeds,Terry Wiggins,"Regular Chai latte - 2.30, Large Chai latte - 2.60",4.9,CARD,4.79276E+15
28/03/2025 16:39,Leeds,Tabitha Thomas,"Regular Hot Chocolate - 1.40, Regular Filter coffee - 1.50, Large Speciality Tea - English breakfast - 1.60",4.5,CASH,
28/03/2025 16:41,Leeds,Marcos Warner,"Large Chai latte - 2.60, Large Iced americano - 2.50",5.1,CASH,
28/03/2025 16:42,Leeds,Tony Mills,"Large Hot Chocolate - 1.70, Regular Hot Chocolate - 1.40, Regular Filter coffee - 1.50, Regular Hot Chocolate - 1.40, Large Iced americano - 2.50",8.5,CARD,5.71108E+15
28/03/2025 16:44,Leeds,Raquel Watson,"Large Speciality Tea - English breakfast - 1.60, Large Filter coffee - 1.80, Large Speciality Tea - English breakfast - 1.60",5,CASH,
28/03/2025 16:46,Leeds,Ryan Lynch,Regular Iced americano - 2.15,2.15,CARD,5.15242E+15
28/03/2025 16:48,Leeds,Danny Whatley,"Regular Speciality Tea - English breakfast - 1.30, Large Chai latte - 2.60",3.9,CASH,
28/03/2025 16:49,Leeds,Tina Dame,"Large Chai latte - 2.60, Regular Filter coffee - 1.50, Large Iced americano - 2.50, Large Filter coffee - 1.80",8.4,CARD,1.01358E+15
28/03/2025 16:51,Leeds,Allison Hobart,"Large Hot Chocolate - 1.70, Regular Speciality Tea - English breakfast - 1.30, Large Speciality Tea - English breakfast - 1.60, Large Chai latte - 2.60",7.2,CARD,9.09752E+15
28/03/2025 16:53,Leeds,Jessica White,"Regular Hot Chocolate - 1.40, Large Hot Chocolate - 1.70",3.1,CARD,5.03699E+15
28/03/2025 16:55,Leeds,Lester Duff,"Large Chai latte - 2.60, Regular Chai latte - 2.30, Large Hot Chocolate - 1.70, Regular Speciality Tea - English breakfast - 1.30, Large Speciality Tea - English breakfast - 1.60",9.5,CARD,5.30741E+15
28/03/2025 16:56,Leeds,Jimmy Phillips,"Regular Filter coffee - 1.50, Regular Hot Chocolate - 1.40, Regular Iced americano - 2.15, Large Filter coffee - 1.80, Large Hot Chocolate - 1.70, Large Iced americano - 2.50",11.05,CARD,7.04364E+15
28/03/2025 16:58,Leeds,Roberta Moore,Large Chai latte - 2.60,2.6,CARD,8.45235E+15
